,precision,recall,f1-score,support
FAKE,0.893030794165316,0.8773885350318471,0.885140562248996,628.0
REAL,0.8815384615384615,0.8967136150234741,0.8890612878200155,639.0
accuracy,0.8871349644830308,0.8871349644830308,0.8871349644830308,0.8871349644830308
macro avg,0.8872846278518888,0.8870510750276606,0.8871009250345057,1267.0
weighted avg,0.8872347400622694,0.8871349644830308,0.8871179447587684,1267.0
