,precision,recall,f1-score,support
FAKE,0.8991735537190083,0.8662420382165605,0.8824006488240065,628.0
REAL,0.8731117824773413,0.9045383411580594,0.8885472713297463,639.0
accuracy,0.8855564325177585,0.8855564325177585,0.8855564325177585,0.8855564325177585
macro avg,0.8861426680981748,0.88539018968731,0.8854739600768764,1267.0
weighted avg,0.8860295349159892,0.8855564325177585,0.8855006423371619,1267.0
